{
  "loran_latitude": 30.52199399999991,
  "loran_longitude": 114.44341300000075,
  "beidou_latitude": 30.517334000000087,
  "beidou_longitude": 114.43875299999927,
  "time": "2024-01-21T23:51:00"
}