{
  "loran_latitude": 30.524523999999815,
  "loran_longitude": 114.44097300000014,
  "beidou_latitude": 30.514804000000183,
  "beidou_longitude": 114.44119299999987,
  "time": "2024-01-24T15:36:41"
}